Pfa,Threshold,PD,PF,TP,FN,FP,TN
0.0001,1.578322371642571e-05,0.8473514800531474,0.0001000372939031671,2354522,424162,750,7496454
0.001,0.00903670396655798,0.9596737160468769,0.0010001061729145958,2666630,112054,7498,7489706
0.01,0.9119454026222229,0.9972508568804513,0.010000128047736196,2771045,7639,74973,7422231
