Polarization,PD,PF,TP,FN,FP,TN
hh,0.9504499252163974,0.0011631002704474895,660250,34421,2180,1872121
hv,0.9832755361890737,0.0005217945249989196,683053,11618,978,1873323
vh,0.9810313083459652,0.0005644771037309375,681494,13177,1058,1873243
vv,0.9239380944360712,0.0017510527924810369,641833,52838,3282,1871019
